{
  "seed": 30,
  "n_clean": 28,
  "poly_ok": true,
  "vertices": [
    [
      0.0,
      0.0,
      0.0
    ],
    [
      1.0,
      0.0,
      0.0
    ],
    [
      0.5,
      0.8660254037844386,
      0.0
    ],
    [
      0.5,
      0.28867513459481287,
      0.8164965809277259
    ],
    [
      0.05835078723261722,
      -0.6474732034678651,
      2.257581594303298
    ],
    [
      -0.563547430044027,
      -2.700058539731442,
      9.391570861066773
    ],
    [
      3.0280014957397894,
      1.4445922640829516,
      -5.405246182286856
    ]
  ],
  "faces": [
    [
      0,
      1,
      2
    ],
    [
      0,
      1,
      3
    ],
    [
      0,
      4,
      6
    ],
    [
      1,
      3,
      5
    ],
    [
      1,
      2,
      6
    ],
    [
      1,
      4,
      6
    ],
    [
      0,
      5,
      6
    ],
    [
      1,
      4,
      5
    ],
    [
      2,
      3,
      4
    ],
    [
      3,
      5,
      6
    ],
    [
      0,
      3,
      4
    ],
    [
      2,
      3,
      6
    ],
    [
      0,
      2,
      5
    ],
    [
      2,
      4,
      5
    ]
  ]
}