{
  "n": 7,
  "k": 2,
  "n_axis": 1,
  "vertices": [
    [
      0.0,
      0.0,
      0.680801272392273
    ],
    [
      0.35654351115226746,
      -1.0,
      1.0
    ],
    [
      -0.35654351115226746,
      1.0,
      1.0
    ],
    [
      0.7240612506866455,
      0.09716147929430008,
      -0.5098476409912109
    ],
    [
      -0.7240612506866455,
      -0.09716147929430008,
      -0.5098476409912109
    ],
    [
      1.0,
      0.28619271516799927,
      -0.8305529356002808
    ],
    [
      -1.0,
      -0.28619271516799927,
      -0.8305529356002808
    ]
  ],
  "total_intersections": 9,
  "n_clean": 28,
  "n_triangles_total": 35,
  "clean_triangles": [
    [
      0,
      1,
      2
    ],
    [
      0,
      1,
      3
    ],
    [
      0,
      1,
      4
    ],
    [
      0,
      1,
      5
    ],
    [
      0,
      1,
      6
    ],
    [
      0,
      2,
      3
    ],
    [
      0,
      2,
      4
    ],
    [
      0,
      2,
      5
    ],
    [
      0,
      2,
      6
    ],
    [
      0,
      3,
      4
    ],
    [
      0,
      3,
      5
    ],
    [
      0,
      4,
      6
    ],
    [
      1,
      2,
      5
    ],
    [
      1,
      2,
      6
    ],
    [
      1,
      3,
      4
    ],
    [
      1,
      3,
      5
    ],
    [
      1,
      3,
      6
    ],
    [
      1,
      4,
      6
    ],
    [
      1,
      5,
      6
    ],
    [
      2,
      3,
      4
    ],
    [
      2,
      3,
      5
    ],
    [
      2,
      4,
      5
    ],
    [
      2,
      4,
      6
    ],
    [
      2,
      5,
      6
    ],
    [
      3,
      4,
      5
    ],
    [
      3,
      4,
      6
    ],
    [
      3,
      5,
      6
    ],
    [
      4,
      5,
      6
    ]
  ],
  "poly_ok": true,
  "poly_faces": [
    [
      2,
      3,
      4
    ],
    [
      1,
      3,
      6
    ],
    [
      0,
      3,
      5
    ],
    [
      0,
      2,
      3
    ],
    [
      4,
      5,
      6
    ],
    [
      2,
      4,
      5
    ],
    [
      0,
      4,
      6
    ],
    [
      0,
      2,
      6
    ],
    [
      1,
      2,
      5
    ],
    [
      3,
      5,
      6
    ],
    [
      1,
      3,
      4
    ],
    [
      0,
      1,
      4
    ],
    [
      0,
      1,
      5
    ],
    [
      1,
      2,
      6
    ]
  ],
  "best_seed": 0,
  "faces": [
    [
      2,
      3,
      4
    ],
    [
      1,
      3,
      6
    ],
    [
      0,
      3,
      5
    ],
    [
      0,
      2,
      3
    ],
    [
      4,
      5,
      6
    ],
    [
      2,
      4,
      5
    ],
    [
      0,
      4,
      6
    ],
    [
      0,
      2,
      6
    ],
    [
      1,
      2,
      5
    ],
    [
      3,
      5,
      6
    ],
    [
      1,
      3,
      4
    ],
    [
      0,
      1,
      4
    ],
    [
      0,
      1,
      5
    ],
    [
      1,
      2,
      6
    ]
  ],
  "real_intersections": 0
}