{
  "vertices": [
    [
      -0.1463695764541626,
      1.0,
      -0.09202025830745697
    ],
    [
      0.14745034277439117,
      0.13901041448116302,
      -0.007140475325286388
    ],
    [
      -0.25442928075790405,
      0.10657873004674911,
      -0.07447086274623871
    ],
    [
      0.4936039447784424,
      0.2827945649623871,
      1.0
    ],
    [
      -0.44729211926460266,
      0.1616131216287613,
      -0.7380715608596802
    ],
    [
      1.0,
      -0.6996330618858337,
      -0.5159711241722107
    ],
    [
      -0.7929632663726807,
      -0.9903637766838074,
      0.42767423391342163
    ]
  ],
  "faces": [
    [
      0,
      2,
      6
    ],
    [
      3,
      5,
      6
    ],
    [
      1,
      3,
      6
    ],
    [
      0,
      2,
      3
    ],
    [
      2,
      3,
      4
    ],
    [
      4,
      5,
      6
    ],
    [
      1,
      2,
      5
    ],
    [
      1,
      2,
      6
    ],
    [
      1,
      3,
      4
    ],
    [
      0,
      1,
      5
    ],
    [
      0,
      3,
      5
    ],
    [
      0,
      4,
      6
    ],
    [
      0,
      1,
      4
    ],
    [
      2,
      4,
      5
    ]
  ],
  "real_intersections": 0,
  "min_dihedral_deg": 43.354312896728516,
  "max_dihedral_deg": 127.25682830810547,
  "mean_dihedral_deg": 76.14942169189453,
  "dihedral_degrees": [
    73.79459381103516,
    111.95785522460938,
    43.354312896728516,
    83.5765151977539,
    84.703857421875,
    47.460594177246094,
    71.14104461669922,
    125.97554016113281,
    50.876461029052734,
    48.52956771850586,
    122.30648040771484,
    64.60033416748047,
    50.87252426147461,
    91.88090515136719,
    64.56008911132812,
    127.25682830810547,
    107.3523178100586,
    53.920650482177734,
    79.61910247802734,
    48.208248138427734,
    47.19003677368164
  ],
  "min_edge_pair_deviation_deg": 7.618643760681152,
  "mean_edge_pair_deviation_deg": 50.68582534790039,
  "edge_pair_deviation_degrees": [
    26.03495216369629,
    47.48788070678711,
    54.867000579833984,
    22.73278045654297,
    37.27328872680664,
    63.18222427368164,
    38.955318450927734,
    42.59507751464844,
    16.8863468170166,
    79.31578826904297,
    60.717140197753906,
    59.73176193237305,
    54.00476837158203,
    49.926292419433594,
    57.56248092651367,
    75.12615203857422,
    86.29804229736328,
    72.69050598144531,
    38.49683380126953,
    58.43785095214844,
    61.20539093017578,
    41.74193572998047,
    58.04551315307617,
    52.04879379272461,
    22.062053680419922,
    75.9975357055664,
    88.26054382324219,
    82.77429962158203,
    81.4027328491211,
    87.81752014160156,
    78.83889770507812,
    79.36652374267578,
    86.32703399658203,
    65.65736389160156,
    28.30052947998047,
    45.471256256103516,
    64.85655975341797,
    45.159095764160156,
    66.1700668334961,
    22.25222396850586,
    80.98497772216797,
    88.14153289794922,
    89.64501190185547,
    71.55835723876953,
    89.640625,
    38.810184478759766,
    37.45123291015625,
    33.09843826293945,
    76.72374725341797,
    78.8249282836914,
    15.734116554260254,
    10.300033569335938,
    42.23326110839844,
    53.800987243652344,
    7.618643760681152,
    54.953426361083984,
    44.07362365722656,
    52.1890754699707,
    51.11833190917969,
    65.6772232055664,
    52.44247817993164,
    54.7176399230957,
    46.21735382080078,
    85.61107635498047,
    80.1059799194336,
    23.114620208740234,
    11.762039184570312,
    49.3748664855957,
    64.78776550292969,
    14.633566856384277,
    66.27023315429688,
    48.43992614746094,
    60.753292083740234,
    61.91680908203125,
    74.7009506225586,
    15.764046669006348,
    23.06229591369629,
    42.55908966064453,
    31.606332778930664,
    62.760684967041016,
    12.886412620544434,
    33.7642936706543,
    33.39944076538086,
    48.436195373535156,
    44.061580657958984,
    24.084659576416016,
    40.198394775390625,
    67.0576171875,
    57.68464660644531,
    52.12037658691406,
    21.164566040039062,
    11.414185523986816,
    41.443294525146484,
    30.1796875,
    59.676822662353516,
    14.121275901794434,
    34.45954895019531,
    33.809505462646484,
    39.38133239746094,
    44.067935943603516,
    23.118427276611328,
    49.44235610961914,
    66.96485137939453,
    56.63813018798828,
    53.17866897583008
  ],
  "polished_from": "clean7_nosym.json"
}