{
  "vertices": [
    [
      -0.21667219698429108,
      0.10746990889310837,
      -0.056735556572675705
    ],
    [
      -0.44533419609069824,
      0.1625741720199585,
      -0.950813353061676
    ],
    [
      -0.8899053335189819,
      -0.8945281505584717,
      0.47053495049476624
    ],
    [
      0.18345993757247925,
      0.13718444108963013,
      0.03661252185702324
    ],
    [
      0.43452492356300354,
      0.2595228850841522,
      1.0
    ],
    [
      1.0,
      -0.7722233533859253,
      -0.4607968032360077
    ],
    [
      -0.06607329100370407,
      1.0,
      -0.03880182281136513
    ]
  ],
  "faces": [
    [
      2,
      3,
      4
    ],
    [
      1,
      3,
      6
    ],
    [
      0,
      3,
      5
    ],
    [
      0,
      2,
      3
    ],
    [
      4,
      5,
      6
    ],
    [
      2,
      4,
      5
    ],
    [
      0,
      4,
      6
    ],
    [
      0,
      2,
      6
    ],
    [
      1,
      2,
      5
    ],
    [
      3,
      5,
      6
    ],
    [
      1,
      3,
      4
    ],
    [
      0,
      1,
      4
    ],
    [
      0,
      1,
      5
    ],
    [
      1,
      2,
      6
    ]
  ],
  "real_intersections": 0,
  "min_dihedral_deg": 44.44467544555664,
  "max_dihedral_deg": 129.44497680664062,
  "mean_dihedral_deg": 75.62657165527344,
  "dihedral_degrees": [
    129.44497680664062,
    66.37023162841797,
    45.836395263671875,
    53.752037048339844,
    73.81766510009766,
    46.511741638183594,
    69.76173400878906,
    106.80934143066406,
    128.85585021972656,
    106.73741912841797,
    85.13865661621094,
    45.288124084472656,
    47.464996337890625,
    91.31295013427734,
    51.73141860961914,
    72.56243896484375,
    44.44467544555664,
    86.41862487792969,
    46.28142547607422,
    123.90225982666016,
    65.71507263183594
  ],
  "min_edge_pair_deviation_deg": 8.551636695861816,
  "mean_edge_pair_deviation_deg": 50.89566421508789,
  "edge_pair_deviation_degrees": [
    72.17992401123047,
    62.929534912109375,
    20.15545654296875,
    88.62142944335938,
    89.91152954101562,
    62.575565338134766,
    88.83197784423828,
    85.7802963256836,
    34.209449768066406,
    45.0860595703125,
    48.671443939208984,
    76.28002166748047,
    83.16057586669922,
    77.10103607177734,
    64.3564453125,
    43.36844253540039,
    18.256820678710938,
    11.603848457336426,
    60.28593063354492,
    44.3564453125,
    57.44293212890625,
    54.37006759643555,
    71.40746307373047,
    84.11622619628906,
    9.062564849853516,
    47.475223541259766,
    42.50849914550781,
    56.12457275390625,
    37.72976303100586,
    84.7455825805664,
    28.811481475830078,
    13.63829517364502,
    42.95711898803711,
    47.28300094604492,
    13.840188026428223,
    39.52446746826172,
    71.62648010253906,
    53.48910903930664,
    37.25691604614258,
    33.137027740478516,
    38.5692138671875,
    21.975317001342773,
    56.253116607666016,
    39.60428237915039,
    59.738128662109375,
    44.6727294921875,
    48.93728256225586,
    61.99440002441406,
    62.22985076904297,
    77.36041259765625,
    83.03260040283203,
    19.657957077026367,
    88.31726837158203,
    76.1142578125,
    89.17741394042969,
    85.6828842163086,
    62.0529670715332,
    73.0689697265625,
    88.11445617675781,
    36.9166145324707,
    8.551636695861816,
    45.87489700317383,
    16.90835189819336,
    55.389060974121094,
    40.0872802734375,
    54.00344467163086,
    10.595369338989258,
    52.389957427978516,
    35.32699966430664,
    57.68562316894531,
    69.322265625,
    81.80345153808594,
    42.29933166503906,
    41.09864807128906,
    79.4548568725586,
    31.09259033203125,
    38.497318267822266,
    13.55841064453125,
    41.45035171508789,
    22.746862411499023,
    55.10340881347656,
    40.8420524597168,
    71.4854507446289,
    37.65572738647461,
    47.11368942260742,
    54.42460250854492,
    60.53792190551758,
    30.769649505615234,
    14.861790657043457,
    39.663570404052734,
    45.555362701416016,
    20.369251251220703,
    26.359554290771484,
    62.81168746948242,
    41.60957336425781,
    58.62685775756836,
    61.37721633911133,
    73.05677032470703,
    57.59867477416992,
    40.07765579223633,
    58.592254638671875,
    59.723934173583984,
    47.01582717895508,
    22.054826736450195,
    60.88155746459961
  ],
  "polished_from": "clean7_z2.json"
}