{
  "n": 7,
  "k": 1,
  "n_axis": 0,
  "vertices": [
    [
      -0.23596419394016266,
      1.0,
      0.13144123554229736
    ],
    [
      -0.30562520027160645,
      -0.23481710255146027,
      -0.04600892215967178
    ],
    [
      0.05251377820968628,
      -0.07142984867095947,
      0.08725062757730484
    ],
    [
      -0.9549866318702698,
      -0.5111392736434937,
      0.2872260510921478
    ],
    [
      0.1318335086107254,
      0.32747581601142883,
      -0.06773664057254791
    ],
    [
      0.3122287392616272,
      -0.2133491188287735,
      -1.0
    ],
    [
      1.0,
      -0.2967405319213867,
      0.6078277826309204
    ]
  ],
  "total_intersections": 9,
  "n_clean": 28,
  "n_triangles_total": 35,
  "clean_triangles": [
    [
      0,
      1,
      3
    ],
    [
      0,
      1,
      4
    ],
    [
      0,
      1,
      5
    ],
    [
      0,
      2,
      3
    ],
    [
      0,
      2,
      4
    ],
    [
      0,
      2,
      6
    ],
    [
      0,
      3,
      4
    ],
    [
      0,
      3,
      5
    ],
    [
      0,
      3,
      6
    ],
    [
      0,
      4,
      5
    ],
    [
      0,
      4,
      6
    ],
    [
      0,
      5,
      6
    ],
    [
      1,
      2,
      3
    ],
    [
      1,
      2,
      4
    ],
    [
      1,
      2,
      5
    ],
    [
      1,
      2,
      6
    ],
    [
      1,
      3,
      4
    ],
    [
      1,
      3,
      5
    ],
    [
      1,
      3,
      6
    ],
    [
      1,
      4,
      5
    ],
    [
      1,
      5,
      6
    ],
    [
      2,
      3,
      4
    ],
    [
      2,
      3,
      6
    ],
    [
      2,
      4,
      5
    ],
    [
      2,
      4,
      6
    ],
    [
      2,
      5,
      6
    ],
    [
      3,
      5,
      6
    ],
    [
      4,
      5,
      6
    ]
  ],
  "poly_ok": true,
  "poly_faces": [
    [
      0,
      2,
      6
    ],
    [
      3,
      5,
      6
    ],
    [
      1,
      3,
      6
    ],
    [
      0,
      2,
      3
    ],
    [
      2,
      3,
      4
    ],
    [
      4,
      5,
      6
    ],
    [
      1,
      2,
      5
    ],
    [
      1,
      2,
      6
    ],
    [
      1,
      3,
      4
    ],
    [
      0,
      1,
      5
    ],
    [
      0,
      3,
      5
    ],
    [
      0,
      4,
      6
    ],
    [
      0,
      1,
      4
    ],
    [
      2,
      4,
      5
    ]
  ],
  "best_seed": 13,
  "faces": [
    [
      0,
      2,
      6
    ],
    [
      3,
      5,
      6
    ],
    [
      1,
      3,
      6
    ],
    [
      0,
      2,
      3
    ],
    [
      2,
      3,
      4
    ],
    [
      4,
      5,
      6
    ],
    [
      1,
      2,
      5
    ],
    [
      1,
      2,
      6
    ],
    [
      1,
      3,
      4
    ],
    [
      0,
      1,
      5
    ],
    [
      0,
      3,
      5
    ],
    [
      0,
      4,
      6
    ],
    [
      0,
      1,
      4
    ],
    [
      2,
      4,
      5
    ]
  ]
}