{
  "vertices": [
    [
      -0.5892612934112549,
      -0.9704081416130066,
      -0.3927578628063202
    ],
    [
      0.9770463109016418,
      0.4112435281276703,
      -1.0
    ],
    [
      -0.4965325593948364,
      -0.06232740730047226,
      -0.28620341420173645
    ],
    [
      1.0,
      -0.4266137182712555,
      0.9785498380661011
    ],
    [
      0.14808082580566406,
      -0.001541323959827423,
      -0.01052019651979208
    ],
    [
      -0.5536192655563354,
      1.0,
      0.4150255620479584
    ],
    [
      -0.4857140779495239,
      0.0496470145881176,
      0.2959062159061432
    ]
  ],
  "faces": [
    [
      0,
      3,
      6
    ],
    [
      4,
      5,
      6
    ],
    [
      0,
      1,
      3
    ],
    [
      0,
      2,
      5
    ],
    [
      3,
      4,
      5
    ],
    [
      2,
      3,
      4
    ],
    [
      0,
      5,
      6
    ],
    [
      0,
      2,
      4
    ],
    [
      2,
      3,
      6
    ],
    [
      1,
      3,
      5
    ],
    [
      1,
      2,
      6
    ],
    [
      1,
      4,
      6
    ],
    [
      1,
      2,
      5
    ],
    [
      0,
      1,
      4
    ]
  ],
  "picked_w_dihedral": 0.9486833214759827,
  "picked_w_collinear": 0.30000001192092896,
  "min_dihedral_deg": 38.95271682739258,
  "max_dihedral_deg": 143.97946166992188,
  "mean_dihedral_deg": 81.82893371582031,
  "min_edge_pair_deviation_deg": 10.977211952209473,
  "mean_edge_pair_deviation_deg": 49.95188522338867,
  "real_intersections": 0
}