{
  "seed": 294,
  "n_clean": 27,
  "poly_ok": true,
  "vertices": [
    [
      0.0,
      0.0,
      0.0
    ],
    [
      1.0,
      0.0,
      0.0
    ],
    [
      0.5,
      0.8660253882408142,
      0.0
    ],
    [
      0.5,
      0.28867512941360474,
      0.8164966106414795
    ],
    [
      1.3131163120269775,
      -0.500880241394043,
      -0.1881924569606781
    ],
    [
      1.2971417903900146,
      2.5680465698242188,
      -1.9625554084777832
    ],
    [
      1.0462039709091187,
      3.565286159515381,
      2.4688713550567627
    ]
  ],
  "faces": [
    [
      0,
      1,
      2
    ],
    [
      0,
      1,
      3
    ],
    [
      3,
      4,
      6
    ],
    [
      0,
      2,
      6
    ],
    [
      2,
      3,
      5
    ],
    [
      2,
      3,
      6
    ],
    [
      1,
      2,
      4
    ],
    [
      1,
      3,
      5
    ],
    [
      1,
      4,
      6
    ],
    [
      2,
      4,
      5
    ],
    [
      1,
      5,
      6
    ],
    [
      0,
      5,
      6
    ],
    [
      0,
      4,
      5
    ],
    [
      0,
      3,
      4
    ]
  ]
}