{
  "n": 12,
  "genus": 6,
  "chi": -10,
  "faces": [
    [
      4,
      9,
      10
    ],
    [
      1,
      4,
      9
    ],
    [
      1,
      2,
      9
    ],
    [
      0,
      5,
      9
    ],
    [
      3,
      5,
      9
    ],
    [
      3,
      6,
      9
    ],
    [
      6,
      9,
      10
    ],
    [
      2,
      8,
      9
    ],
    [
      8,
      9,
      11
    ],
    [
      0,
      7,
      9
    ],
    [
      7,
      9,
      11
    ],
    [
      1,
      2,
      7
    ],
    [
      2,
      8,
      11
    ],
    [
      2,
      4,
      7
    ],
    [
      2,
      4,
      11
    ],
    [
      2,
      3,
      6
    ],
    [
      2,
      6,
      10
    ],
    [
      0,
      2,
      5
    ],
    [
      2,
      5,
      10
    ],
    [
      0,
      2,
      3
    ],
    [
      0,
      6,
      7
    ],
    [
      0,
      4,
      6
    ],
    [
      0,
      3,
      11
    ],
    [
      0,
      10,
      11
    ],
    [
      0,
      1,
      8
    ],
    [
      0,
      8,
      10
    ],
    [
      0,
      1,
      4
    ],
    [
      6,
      7,
      11
    ],
    [
      1,
      6,
      8
    ],
    [
      1,
      5,
      6
    ],
    [
      5,
      6,
      11
    ],
    [
      4,
      6,
      8
    ],
    [
      1,
      3,
      11
    ],
    [
      4,
      10,
      11
    ],
    [
      1,
      5,
      11
    ],
    [
      1,
      3,
      10
    ],
    [
      1,
      7,
      10
    ],
    [
      3,
      7,
      10
    ],
    [
      5,
      8,
      10
    ],
    [
      3,
      4,
      5
    ],
    [
      3,
      7,
      8
    ],
    [
      3,
      4,
      8
    ],
    [
      4,
      5,
      7
    ],
    [
      5,
      7,
      8
    ]
  ],
  "vertices": [
    [
      -0.36780425906181335,
      -0.36337876319885254,
      -0.25976476073265076
    ],
    [
      -0.6675912737846375,
      -0.21141842007637024,
      -0.6377708315849304
    ],
    [
      0.31602704524993896,
      -0.48797857761383057,
      0.04225517064332962
    ],
    [
      -0.025728588923811913,
      0.3008610010147095,
      -0.07850624620914459
    ],
    [
      -0.0318082757294178,
      0.2568463087081909,
      1.0
    ],
    [
      0.13813957571983337,
      0.455556720495224,
      -0.06792139261960983
    ],
    [
      -0.6635059714317322,
      0.4226335287094116,
      -0.10090544819831848
    ],
    [
      0.38302677869796753,
      -0.08826819807291031,
      -0.4329102635383606
    ],
    [
      0.09451653808355331,
      -0.4014434516429901,
      0.7446194291114807
    ],
    [
      0.0964418426156044,
      -1.0,
      0.03219320997595787
    ],
    [
      -0.27171334624290466,
      0.6570464968681335,
      0.17993474006652832
    ],
    [
      1.0,
      0.4595434069633484,
      -0.4212236702442169
    ]
  ],
  "real_intersections": 27,
  "batch_size": 256,
  "n_zero_instances": 0,
  "per_instance_best_intersections": [
    27,
    57,
    60,
    56,
    55,
    51,
    62,
    59,
    67,
    51,
    66,
    60,
    50,
    61,
    65,
    77,
    45,
    46,
    61,
    58,
    73,
    79,
    66,
    45,
    62,
    52,
    62,
    39,
    55,
    61,
    70,
    68,
    55,
    53,
    66,
    65,
    55,
    76,
    57,
    58,
    60,
    77,
    57,
    53,
    76,
    55,
    63,
    60,
    47,
    54,
    71,
    66,
    66,
    53,
    63,
    83,
    49,
    69,
    59,
    84,
    42,
    47,
    73,
    43,
    55,
    53,
    35,
    45,
    59,
    59,
    59,
    65,
    55,
    59,
    49,
    54,
    42,
    35,
    77,
    46,
    54,
    54,
    62,
    43,
    84,
    55,
    66,
    72,
    79,
    67,
    62,
    69,
    47,
    58,
    55,
    40,
    67,
    66,
    76,
    49,
    73,
    48,
    79,
    70,
    51,
    63,
    39,
    39,
    74,
    44,
    55,
    49,
    90,
    47,
    60,
    51,
    59,
    57,
    46,
    36,
    52,
    59,
    64,
    57,
    90,
    38,
    51,
    69,
    51,
    49,
    47,
    44,
    57,
    69,
    66,
    84,
    77,
    76,
    62,
    67,
    88,
    58,
    45,
    62,
    91,
    61,
    58,
    62,
    57,
    46,
    56,
    77,
    68,
    68,
    67,
    72,
    48,
    67,
    66,
    51,
    49,
    77,
    53,
    67,
    68,
    68,
    52,
    51,
    63,
    66,
    56,
    51,
    46,
    38,
    45,
    68,
    52,
    30,
    57,
    78,
    47,
    73,
    65,
    44,
    57,
    47,
    36,
    62,
    52,
    62,
    62,
    62,
    48,
    46,
    62,
    54,
    61,
    54,
    61,
    61,
    46,
    70,
    85,
    37,
    49,
    51,
    56,
    41,
    64,
    63,
    57,
    57,
    37,
    77,
    58,
    59,
    60,
    34,
    77,
    70,
    36,
    49,
    52,
    58,
    55,
    51,
    64,
    63,
    58,
    65,
    48,
    35,
    41,
    36,
    64,
    47,
    52,
    66,
    59,
    56,
    58,
    57,
    67,
    70,
    68,
    72,
    52,
    58,
    46,
    61,
    79,
    41,
    49,
    58,
    50,
    60
  ]
}