{
  "n": 12,
  "genus": 6,
  "vertices": [
    [
      -0.6102613210678101,
      0.6998087763786316,
      0.3348962068557739
    ],
    [
      -1.0,
      0.6189648509025574,
      0.6841300129890442
    ],
    [
      -0.04090382158756256,
      -0.3982658088207245,
      -0.5195656418800354
    ],
    [
      0.5385677814483643,
      -0.2765442728996277,
      0.24899424612522125
    ],
    [
      -0.1697026640176773,
      -0.24076399207115173,
      0.4665500819683075
    ],
    [
      0.04601862281560898,
      0.40159714221954346,
      -0.37928298115730286
    ],
    [
      0.6321748495101929,
      -0.7072237133979797,
      0.933897852897644
    ],
    [
      0.07492345571517944,
      0.25727248191833496,
      -0.511135995388031
    ],
    [
      -0.1216932088136673,
      -0.29012203216552734,
      0.41155219078063965
    ],
    [
      -0.8221150040626526,
      -1.0,
      -1.0
    ],
    [
      0.7376241087913513,
      0.868241548538208,
      -0.7175968885421753
    ],
    [
      0.7353673577308655,
      0.06703503429889679,
      0.047560978680849075
    ]
  ],
  "faces": [
    [
      1,
      2,
      5
    ],
    [
      1,
      5,
      8
    ],
    [
      1,
      2,
      7
    ],
    [
      1,
      6,
      10
    ],
    [
      1,
      3,
      6
    ],
    [
      1,
      7,
      9
    ],
    [
      0,
      1,
      8
    ],
    [
      1,
      4,
      9
    ],
    [
      0,
      1,
      3
    ],
    [
      1,
      10,
      11
    ],
    [
      1,
      4,
      11
    ],
    [
      4,
      10,
      11
    ],
    [
      3,
      5,
      11
    ],
    [
      3,
      9,
      11
    ],
    [
      7,
      8,
      11
    ],
    [
      0,
      8,
      11
    ],
    [
      0,
      6,
      11
    ],
    [
      2,
      9,
      11
    ],
    [
      2,
      6,
      11
    ],
    [
      5,
      7,
      11
    ],
    [
      0,
      6,
      10
    ],
    [
      6,
      7,
      8
    ],
    [
      2,
      6,
      7
    ],
    [
      3,
      5,
      6
    ],
    [
      6,
      8,
      9
    ],
    [
      4,
      6,
      9
    ],
    [
      4,
      5,
      6
    ],
    [
      3,
      4,
      7
    ],
    [
      4,
      5,
      7
    ],
    [
      0,
      7,
      9
    ],
    [
      0,
      7,
      10
    ],
    [
      3,
      7,
      10
    ],
    [
      0,
      2,
      5
    ],
    [
      0,
      5,
      9
    ],
    [
      5,
      9,
      10
    ],
    [
      5,
      8,
      10
    ],
    [
      0,
      2,
      4
    ],
    [
      0,
      3,
      4
    ],
    [
      4,
      8,
      10
    ],
    [
      2,
      4,
      8
    ],
    [
      2,
      3,
      10
    ],
    [
      2,
      9,
      10
    ],
    [
      2,
      3,
      8
    ],
    [
      3,
      8,
      9
    ]
  ],
  "real_intersections": 20,
  "tag": "pickle#3_pinch2_excess2",
  "best_seed": 1003
}