{
  "n": 12,
  "genus": 6,
  "vertices": [
    [
      1.0,
      1.0,
      -0.042788948863744736
    ],
    [
      -0.5664204359054565,
      -0.6098166108131409,
      -0.6020135879516602
    ],
    [
      -0.11204361915588379,
      -0.006433996371924877,
      0.10436327010393143
    ],
    [
      -0.07781946659088135,
      -0.6096646785736084,
      -0.34998100996017456
    ],
    [
      -0.5799724459648132,
      0.5911586284637451,
      -0.3597899377346039
    ],
    [
      0.05386897549033165,
      0.3335346579551697,
      0.670059859752655
    ],
    [
      0.5596166849136353,
      -0.3845089375972748,
      0.01899619773030281
    ],
    [
      0.20527437329292297,
      -0.46539929509162903,
      0.21222074329853058
    ],
    [
      -0.5483446717262268,
      0.44907429814338684,
      -0.232961043715477
    ],
    [
      0.09538032114505768,
      0.7707574963569641,
      -0.37981921434402466
    ],
    [
      -0.6793409585952759,
      -0.08215785026550293,
      1.0
    ],
    [
      0.6498011946678162,
      -0.9865439534187317,
      -0.0382862314581871
    ]
  ],
  "faces": [
    [
      0,
      4,
      5
    ],
    [
      0,
      5,
      11
    ],
    [
      3,
      5,
      8
    ],
    [
      4,
      5,
      8
    ],
    [
      1,
      5,
      7
    ],
    [
      3,
      5,
      7
    ],
    [
      5,
      6,
      11
    ],
    [
      1,
      2,
      5
    ],
    [
      5,
      6,
      10
    ],
    [
      2,
      5,
      9
    ],
    [
      5,
      9,
      10
    ],
    [
      4,
      8,
      11
    ],
    [
      3,
      4,
      7
    ],
    [
      1,
      7,
      8
    ],
    [
      2,
      4,
      7
    ],
    [
      0,
      6,
      7
    ],
    [
      0,
      7,
      9
    ],
    [
      2,
      7,
      9
    ],
    [
      6,
      7,
      10
    ],
    [
      7,
      10,
      11
    ],
    [
      7,
      8,
      11
    ],
    [
      1,
      6,
      8
    ],
    [
      2,
      3,
      8
    ],
    [
      0,
      2,
      8
    ],
    [
      8,
      9,
      10
    ],
    [
      0,
      8,
      10
    ],
    [
      6,
      8,
      9
    ],
    [
      3,
      10,
      11
    ],
    [
      2,
      3,
      10
    ],
    [
      1,
      4,
      10
    ],
    [
      1,
      2,
      10
    ],
    [
      0,
      4,
      10
    ],
    [
      0,
      2,
      6
    ],
    [
      2,
      6,
      11
    ],
    [
      2,
      4,
      11
    ],
    [
      0,
      3,
      9
    ],
    [
      0,
      1,
      11
    ],
    [
      0,
      1,
      3
    ],
    [
      3,
      9,
      11
    ],
    [
      1,
      9,
      11
    ],
    [
      1,
      4,
      9
    ],
    [
      1,
      3,
      6
    ],
    [
      4,
      6,
      9
    ],
    [
      3,
      4,
      6
    ]
  ],
  "real_intersections": 19,
  "tag": "pickle#8_pinch1_excess1",
  "best_seed": 1008
}