{
  "n": 12,
  "genus": 6,
  "chi": -10,
  "faces": [
    [
      0,
      1,
      11
    ],
    [
      0,
      10,
      11
    ],
    [
      2,
      5,
      11
    ],
    [
      5,
      9,
      11
    ],
    [
      1,
      7,
      11
    ],
    [
      2,
      8,
      11
    ],
    [
      7,
      8,
      11
    ],
    [
      6,
      10,
      11
    ],
    [
      4,
      6,
      11
    ],
    [
      3,
      9,
      11
    ],
    [
      3,
      4,
      11
    ],
    [
      1,
      7,
      8
    ],
    [
      2,
      4,
      7
    ],
    [
      3,
      4,
      7
    ],
    [
      2,
      7,
      9
    ],
    [
      6,
      7,
      10
    ],
    [
      0,
      6,
      7
    ],
    [
      3,
      5,
      7
    ],
    [
      5,
      7,
      10
    ],
    [
      0,
      7,
      9
    ],
    [
      0,
      4,
      6
    ],
    [
      3,
      5,
      6
    ],
    [
      1,
      5,
      6
    ],
    [
      2,
      6,
      8
    ],
    [
      6,
      8,
      9
    ],
    [
      2,
      6,
      9
    ],
    [
      1,
      3,
      6
    ],
    [
      1,
      2,
      3
    ],
    [
      2,
      3,
      10
    ],
    [
      3,
      8,
      9
    ],
    [
      0,
      3,
      10
    ],
    [
      0,
      3,
      8
    ],
    [
      5,
      8,
      10
    ],
    [
      1,
      9,
      10
    ],
    [
      4,
      9,
      10
    ],
    [
      4,
      8,
      10
    ],
    [
      1,
      2,
      10
    ],
    [
      0,
      2,
      5
    ],
    [
      0,
      2,
      4
    ],
    [
      0,
      1,
      8
    ],
    [
      0,
      5,
      9
    ],
    [
      1,
      4,
      9
    ],
    [
      1,
      4,
      5
    ],
    [
      4,
      5,
      8
    ]
  ],
  "vertices": [
    [
      -0.3940264582633972,
      -0.2215086966753006,
      -0.33806732296943665
    ],
    [
      0.4126680791378021,
      0.43210354447364807,
      0.1345987766981125
    ],
    [
      -0.6005154848098755,
      -0.35044053196907043,
      -0.2853667140007019
    ],
    [
      0.7795190811157227,
      0.30709269642829895,
      0.0564994178712368
    ],
    [
      0.5914077162742615,
      -0.1556502729654312,
      -1.0
    ],
    [
      -0.2786366939544678,
      0.8656560778617859,
      0.6801336407661438
    ],
    [
      -0.6368312239646912,
      -0.9100636839866638,
      0.9904109835624695
    ],
    [
      1.0,
      -1.0,
      0.2039511799812317
    ],
    [
      -0.6898314356803894,
      0.6221547722816467,
      -0.002574322745203972
    ],
    [
      -0.9238781332969666,
      -0.01645246148109436,
      -0.7098569869995117
    ],
    [
      0.7678636908531189,
      0.5833356380462646,
      0.19284704327583313
    ],
    [
      -0.027739442884922028,
      -0.1562272012233734,
      0.07742423564195633
    ]
  ],
  "real_intersections": 21,
  "batch_size": 256,
  "n_zero_instances": 0,
  "per_instance_best_intersections": [
    45,
    39,
    55,
    50,
    63,
    51,
    63,
    68,
    53,
    104,
    53,
    57,
    51,
    47,
    78,
    44,
    59,
    55,
    70,
    64,
    57,
    79,
    32,
    78,
    70,
    67,
    54,
    48,
    43,
    48,
    41,
    55,
    73,
    42,
    54,
    89,
    58,
    61,
    34,
    56,
    35,
    58,
    48,
    69,
    64,
    78,
    61,
    48,
    73,
    45,
    60,
    78,
    59,
    62,
    46,
    39,
    73,
    49,
    51,
    21,
    48,
    55,
    71,
    45,
    41,
    73,
    80,
    58,
    42,
    58,
    42,
    66,
    58,
    47,
    58,
    76,
    52,
    52,
    62,
    43,
    43,
    36,
    57,
    56,
    80,
    67,
    51,
    41,
    52,
    47,
    64,
    66,
    40,
    48,
    56,
    72,
    57,
    51,
    44,
    72,
    50,
    40,
    43,
    42,
    61,
    74,
    54,
    74,
    74,
    71,
    50,
    62,
    58,
    56,
    53,
    76,
    65,
    60,
    58,
    40,
    58,
    65,
    61,
    85,
    64,
    57,
    59,
    56,
    53,
    51,
    58,
    67,
    70,
    43,
    57,
    49,
    70,
    63,
    49,
    56,
    74,
    69,
    74,
    50,
    50,
    61,
    62,
    46,
    61,
    69,
    64,
    53,
    42,
    44,
    66,
    79,
    59,
    42,
    48,
    55,
    51,
    49,
    72,
    56,
    59,
    51,
    57,
    47,
    65,
    41,
    45,
    61,
    73,
    72,
    47,
    47,
    50,
    62,
    56,
    53,
    54,
    67,
    72,
    73,
    62,
    68,
    53,
    53,
    51,
    40,
    39,
    42,
    46,
    60,
    56,
    83,
    60,
    58,
    54,
    51,
    41,
    70,
    67,
    63,
    41,
    59,
    80,
    50,
    40,
    40,
    69,
    52,
    61,
    32,
    66,
    84,
    89,
    70,
    73,
    68,
    51,
    60,
    77,
    47,
    39,
    49,
    55,
    53,
    47,
    55,
    53,
    43,
    66,
    48,
    55,
    45,
    70,
    40,
    46,
    61,
    70,
    79,
    73,
    75,
    55,
    48,
    69,
    54,
    54,
    37,
    62,
    56,
    79,
    61,
    47,
    41
  ]
}