{
  "n": 7,
  "k": 2,
  "n_axis": 1,
  "sigma": [
    0,
    2,
    1,
    4,
    3,
    6,
    5
  ],
  "genus": 1,
  "chi": 0,
  "vertices": [
    [
      0.0,
      0.0,
      -0.38179975748062134
    ],
    [
      1.0,
      -0.1649121791124344,
      -1.0
    ],
    [
      -1.0,
      0.1649121791124344,
      -1.0
    ],
    [
      0.12533143162727356,
      1.0,
      0.6548960208892822
    ],
    [
      -0.12533143162727356,
      -1.0,
      0.6548960208892822
    ],
    [
      0.37684810161590576,
      0.10503091663122177,
      0.5360039472579956
    ],
    [
      -0.37684810161590576,
      -0.10503091663122177,
      0.5360039472579956
    ]
  ],
  "faces": [
    [
      0,
      1,
      3
    ],
    [
      0,
      2,
      4
    ],
    [
      1,
      4,
      5
    ],
    [
      2,
      3,
      6
    ],
    [
      1,
      2,
      3
    ],
    [
      1,
      2,
      4
    ],
    [
      3,
      4,
      5
    ],
    [
      3,
      4,
      6
    ],
    [
      1,
      5,
      6
    ],
    [
      2,
      5,
      6
    ],
    [
      0,
      1,
      6
    ],
    [
      0,
      2,
      5
    ],
    [
      0,
      3,
      5
    ],
    [
      0,
      4,
      6
    ]
  ],
  "real_intersections": 0,
  "polished": true,
  "min_dihedral_deg": 26.719873428344727,
  "mean_dihedral_deg": 78.8758773803711,
  "max_dihedral_deg": 143.52926635742188,
  "min_edge_pair_dev_deg": 17.516803741455078,
  "max_edge_pair_dev_deg": 89.87644958496094,
  "mean_edge_pair_dev_deg": 51.65049743652344
}