{
  "n": 7,
  "k": 3,
  "n_axis": 1,
  "sigma": [
    0,
    2,
    3,
    1,
    5,
    6,
    4
  ],
  "genus": 1,
  "chi": 0,
  "vertices": [
    [
      0.0,
      0.0,
      -0.6971176266670227
    ],
    [
      0.27665093541145325,
      -0.283153772354126,
      1.0
    ],
    [
      0.10689288377761841,
      0.381163626909256,
      1.0
    ],
    [
      -0.38354381918907166,
      -0.09800985455513,
      1.0
    ],
    [
      0.6988456845283508,
      -0.7152724266052246,
      -0.767627477645874
    ],
    [
      0.2700212299823761,
      0.9628543257713318,
      -0.767627477645874
    ],
    [
      -0.9688669443130493,
      -0.24758189916610718,
      -0.767627477645874
    ]
  ],
  "faces": [
    [
      1,
      2,
      3
    ],
    [
      0,
      1,
      6
    ],
    [
      0,
      2,
      4
    ],
    [
      0,
      3,
      5
    ],
    [
      0,
      1,
      5
    ],
    [
      0,
      2,
      6
    ],
    [
      0,
      3,
      4
    ],
    [
      1,
      2,
      5
    ],
    [
      1,
      3,
      4
    ],
    [
      2,
      3,
      6
    ],
    [
      4,
      5,
      6
    ],
    [
      1,
      4,
      6
    ],
    [
      2,
      4,
      5
    ],
    [
      3,
      5,
      6
    ]
  ],
  "real_intersections": 0,
  "polished": false
}