{
  "n": 12,
  "vertices": [
    [
      -0.44408366084098816,
      0.45448440313339233,
      -0.17333970963954926
    ],
    [
      -0.2702504098415375,
      -0.7456195950508118,
      -0.1991785317659378
    ],
    [
      -0.7819758653640747,
      0.597804844379425,
      -0.7032981514930725
    ],
    [
      -0.14629623293876648,
      -1.0,
      0.30867159366607666
    ],
    [
      0.011238301172852516,
      0.43901991844177246,
      0.13714882731437683
    ],
    [
      0.4521043300628662,
      0.32662999629974365,
      0.21950939297676086
    ],
    [
      -0.33148807287216187,
      -0.18099983036518097,
      -0.32855239510536194
    ],
    [
      0.5276254415512085,
      -0.5485744476318359,
      -0.40652787685394287
    ],
    [
      -0.4112662374973297,
      0.3984906077384949,
      1.0
    ],
    [
      1.0,
      0.5081784129142761,
      -0.0024682097136974335
    ],
    [
      0.5054264068603516,
      0.042743369936943054,
      -0.3254677355289459
    ],
    [
      -0.11103405803442001,
      -0.29215773940086365,
      0.47350266575813293
    ]
  ],
  "faces": [],
  "best_seed": 994,
  "n_clean": 78,
  "poly_ok": false,
  "n_poly_extracted": 0,
  "max_clean_seen": 78
}